"Year","FIPS","State","County","YPLL_Rate","CI_Low","CI_High"
2010,"06001","California","Alameda",5910.4,5774.9,6045.8
2010,"06005","California","Amador",7165.9,6106.4,8225.4
2010,"06007","California","Butte",8502.6,8054.9,8950.3
2010,"06009","California","Calaveras",6806.4,5888.1,7724.7
2010,"06011","California","Colusa",5545,4489,6601.1
2010,"06013","California","Contra Costa",5600.1,5438,5762.3
2010,"06015","California","Del Norte",10283.1,8905.7,11660.6
2010,"06017","California","El Dorado",6034,5630.9,6437.2
2010,"06019","California","Fresno",7783.2,7582.1,7984.3
2010,"06021","California","Glenn",8588.1,7379.4,9796.8
2010,"06023","California","Humboldt",8582.3,8026.4,9138.3
2010,"06025","California","Imperial",7097.3,6648.7,7545.9
2010,"06027","California","Inyo",9314.9,7544.3,11085.5
2010,"06029","California","Kern",8676.5,8452.2,8900.8
2010,"06031","California","Kings",7423.4,6945.8,7901
2010,"06033","California","Lake",10286.6,9433.2,11140
2010,"06035","California","Lassen",8103.3,6961.9,9244.7
2010,"06037","California","Los Angeles",6087.9,6035.5,6140.3
2010,"06039","California","Madera",7200.1,6721.3,7679
2010,"06041","California","Marin",4052.8,3766.1,4339.4
2010,"06043","California","Mariposa",8065.7,6515.2,9616.3
2010,"06045","California","Mendocino",8704.1,7987.2,9421
2010,"06047","California","Merced",7661.3,7276.9,8045.7
2010,"06049","California","Modoc",9576.1,7192.5,12496.8
2010,"06051","California","Mono",6280.7,4636.4,8318.9
2010,"06053","California","Monterey",5595.2,5348,5842.5
2010,"06055","California","Napa",5763.5,5301.6,6225.3
2010,"06057","California","Nevada",6222.4,5588.4,6856.3
2010,"06059","California","Orange",4701.1,4616.1,4786.1
2010,"06061","California","Placer",5239.5,4958,5521
2010,"06063","California","Plumas",6903.1,5678.1,8128
2010,"06065","California","Riverside",7177.4,7048.2,7306.7
2010,"06067","California","Sacramento",7286.6,7132.4,7440.9
2010,"06069","California","San Benito",4832.2,4210.5,5453.9
2010,"06071","California","San Bernardino",7828.3,7694.8,7961.9
2010,"06073","California","San Diego",5738.6,5646,5831.2
2010,"06075","California","San Francisco",6214.8,6019.2,6410.3
2010,"06077","California","San Joaquin",7571.2,7345.4,7797.1
2010,"06079","California","San Luis Obispo",5707.3,5367.8,6046.9
2010,"06081","California","San Mateo",4554.5,4378,4731.1
2010,"06083","California","Santa Barbara",5655.6,5399.6,5911.6
2010,"06085","California","Santa Clara",4291.4,4185.5,4397.2
2010,"06087","California","Santa Cruz",5199.3,4895.1,5503.6
2010,"06089","California","Shasta",8626.2,8152.6,9099.8
2010,"06091","California","Sierra",9253.4,5442,14709.9
2010,"06093","California","Siskiyou",9578.6,8455.6,10701.6
2010,"06095","California","Solano",6868.2,6594.9,7141.6
2010,"06097","California","Sonoma",5364.2,5137.4,5590.9
2010,"06099","California","Stanislaus",7838.3,7573.3,8103.3
2010,"06101","California","Sutter",6518.6,5955.8,7081.4
2010,"06103","California","Tehama",8220,7409.9,9030.2
2010,"06105","California","Trinity",11402.9,9193.8,13982.6
2010,"06107","California","Tulare",8416.6,8109.8,8723.4
2010,"06109","California","Tuolumne",8256.2,7359.8,9152.6
2010,"06111","California","Ventura",5464.9,5283.1,5646.7
2010,"06113","California","Yolo",5905.3,5527.3,6283.4
2010,"06115","California","Yuba",9736.4,8945.8,10527
2011,"06001","California","Alameda",5855.1,5719.7,5990.5
2011,"06005","California","Amador",6939.5,5985.9,7893.2
2011,"06007","California","Butte",8669.6,8218,9121.2
2011,"06009","California","Calaveras",6456.3,5608.3,7304.2
2011,"06011","California","Colusa",6258.7,5126.3,7391.1
2011,"06013","California","Contra Costa",5543.9,5381.8,5706
2011,"06015","California","Del Norte",11079.4,9670.8,12488
2011,"06017","California","El Dorado",5865.3,5472.1,6258.5
2011,"06019","California","Fresno",7691.7,7494.1,7889.3
2011,"06021","California","Glenn",8468.3,7261.8,9674.7
2011,"06023","California","Humboldt",8943.6,8378.6,9508.5
2011,"06025","California","Imperial",7072.9,6631.2,7514.7
2011,"06027","California","Inyo",9305.9,7564.1,11047.6
2011,"06029","California","Kern",8609,8388.2,8829.8
2011,"06031","California","Kings",7853,7365.2,8340.8
2011,"06033","California","Lake",10039.8,9222.6,10857.1
2011,"06035","California","Lassen",7948.7,6782.6,9114.8
2011,"06037","California","Los Angeles",6008.7,5956.4,6061
2011,"06039","California","Madera",7418.1,6932.9,7903.2
2011,"06041","California","Marin",4003.7,3714.3,4293.2
2011,"06043","California","Mariposa",7749.9,6342.7,9157
2011,"06045","California","Mendocino",8681.1,7969,9393.1
2011,"06047","California","Merced",7466,7087.7,7844.4
2011,"06049","California","Modoc",9578.2,7265.9,12392.7
2011,"06051","California","Mono",6167.8,4529.4,8205.6
2011,"06053","California","Monterey",5338.1,5096.8,5579.4
2011,"06055","California","Napa",5457.2,5009.1,5905.3
2011,"06057","California","Nevada",5905.8,5308,6503.6
2011,"06059","California","Orange",4692.1,4606.8,4777.4
2011,"06061","California","Placer",5043.6,4772.9,5314.4
2011,"06063","California","Plumas",7208.6,5931.5,8485.6
2011,"06065","California","Riverside",7061.7,6936,7187.4
2011,"06067","California","Sacramento",7193.5,7040.7,7346.3
2011,"06069","California","San Benito",4888,4256.2,5519.8
2011,"06071","California","San Bernardino",7675.1,7544.6,7805.5
2011,"06073","California","San Diego",5677.1,5585.2,5769.1
2011,"06075","California","San Francisco",5792.9,5607.8,5978
2011,"06077","California","San Joaquin",7538.6,7315.4,7761.9
2011,"06079","California","San Luis Obispo",5810.8,5478.5,6143.2
2011,"06081","California","San Mateo",4527.7,4349.7,4705.7
2011,"06083","California","Santa Barbara",5620,5364.8,5875.2
2011,"06085","California","Santa Clara",4199.1,4095.1,4303.1
2011,"06087","California","Santa Cruz",5251.7,4942.9,5560.5
2011,"06089","California","Shasta",8841.1,8355.5,9326.8
2011,"06091","California","Sierra",6703,3299.6,12109.4
2011,"06093","California","Siskiyou",9809,8700.6,10917.5
2011,"06095","California","Solano",7179.6,6894.6,7464.7
2011,"06097","California","Sonoma",5444.1,5211.7,5676.5
2011,"06099","California","Stanislaus",7716,7455.8,7976.1
2011,"06101","California","Sutter",6464.6,5913.4,7015.7
2011,"06103","California","Tehama",8395.7,7591.2,9200.3
2011,"06105","California","Trinity",12337.8,10009.9,15044.6
2011,"06107","California","Tulare",8439.9,8133.8,8745.9
2011,"06109","California","Tuolumne",8288.6,7379.4,9197.8
2011,"06111","California","Ventura",5431.5,5250.2,5612.8
2011,"06113","California","Yolo",5677.9,5307.2,6048.7
2011,"06115","California","Yuba",9643.8,8875.6,10412
2012,"06001","California","Alameda",5689.66,5556.733,5822.587
2012,"06005","California","Amador",6915.98,5973.494,7858.466
2012,"06007","California","Butte",8636.58,8198.246,9074.914
2012,"06009","California","Calaveras",6266.56,5479.973,7053.147
2012,"06011","California","Colusa",6407.8,5269.373,7546.227
2012,"06013","California","Contra Costa",5364.52,5207.72,5521.32
2012,"06015","California","Del Norte",10312.26,8982.243,11642.277
2012,"06017","California","El Dorado",5409.12,5035.25,5782.99
2012,"06019","California","Fresno",7379.5,7188.733,7570.267
2012,"06021","California","Glenn",7931.66,6774.711,9088.609
2012,"06023","California","Humboldt",9350.47,8767.429,9933.511
2012,"06025","California","Imperial",6568.06,6148.855,6987.265
2012,"06027","California","Inyo",8263,6709.857,9816.143
2012,"06029","California","Kern",8414.34,8199.681,8628.999
2012,"06031","California","Kings",7636.08,7162.72,8109.44
2012,"06033","California","Lake",9583.01,8789.308,10376.712
2012,"06035","California","Lassen",7322.43,6245.959,8398.901
2012,"06037","California","Los Angeles",5776.22,5725.084,5827.356
2012,"06039","California","Madera",7312.98,6839.64,7786.32
2012,"06041","California","Marin",3845.82,3563.992,4127.648
2012,"06043","California","Mariposa",8616.67,7044.26,10189.08
2012,"06045","California","Mendocino",8430.48,7726.605,9134.355
2012,"06047","California","Merced",7183.51,6817.519,7549.501
2012,"06049","California","Modoc",9412.75,7055.987,11769.513
2012,"06051","California","Mono",5444.52,3783.204,7105.836
2012,"06053","California","Monterey",5225.35,4987.288,5463.412
2012,"06055","California","Napa",5365.32,4924.869,5805.771
2012,"06057","California","Nevada",5629.52,5067.804,6191.236
2012,"06059","California","Orange",4597.47,4513.523,4681.417
2012,"06061","California","Placer",5030.7,4766.492,5294.908
2012,"06063","California","Plumas",6744.52,5470.344,8018.696
2012,"06065","California","Riverside",6761.52,6641.705,6881.335
2012,"06067","California","Sacramento",6856.68,6709.288,7004.072
2012,"06069","California","San Benito",4661.82,4050.398,5273.242
2012,"06071","California","San Bernardino",7346.06,7220.287,7471.833
2012,"06073","California","San Diego",5543.02,5452.958,5633.082
2012,"06075","California","San Francisco",5757.02,5568.135,5945.905
2012,"06077","California","San Joaquin",7338.46,7120.802,7556.118
2012,"06079","California","San Luis Obispo",5602.71,5283.661,5921.759
2012,"06081","California","San Mateo",4253.75,4084.837,4422.663
2012,"06083","California","Santa Barbara",5443.71,5194.614,5692.806
2012,"06085","California","Santa Clara",4051.6,3950.601,4152.599
2012,"06087","California","Santa Cruz",5293.44,4980.781,5606.099
2012,"06089","California","Shasta",8780.79,8308.371,9253.209
2012,"06093","California","Siskiyou",9061.03,8045.378,10076.682
2012,"06095","California","Solano",6844.52,6569.199,7119.841
2012,"06097","California","Sonoma",5327.29,5099.91,5554.67
2012,"06099","California","Stanislaus",7370.83,7119.774,7621.886
2012,"06101","California","Sutter",6724.27,6162.534,7286.006
2012,"06103","California","Tehama",8680.43,7858.68,9502.18
2012,"06105","California","Trinity",10546.16,8387.965,12704.355
2012,"06107","California","Tulare",8082.38,7788.556,8376.204
2012,"06109","California","Tuolumne",7521.34,6684.048,8358.632
2012,"06111","California","Ventura",5290.36,5112.921,5467.799
2012,"06113","California","Yolo",5267.72,4917.684,5617.756
2012,"06115","California","Yuba",9211.75,8472.046,9951.454
2013,"06001","California","Alameda",5141.3,5015.86,5266.74
2013,"06005","California","Amador",7504.4,6461.896,8546.904
2013,"06007","California","Butte",7944.16,7520.918,8367.402
2013,"06009","California","Calaveras",6937.97,5958.205,7917.735
2013,"06011","California","Colusa",5945.11,4805.154,7085.066
2013,"06013","California","Contra Costa",5257.38,5100.09,5414.67
2013,"06015","California","Del Norte",9670.61,8346.61,10994.61
2013,"06017","California","El Dorado",5169.84,4773.371,5566.309
2013,"06019","California","Fresno",7009.64,6823.714,7195.566
2013,"06021","California","Glenn",6818.69,5768.522,7868.858
2013,"06023","California","Humboldt",8292.81,7748.087,8837.533
2013,"06025","California","Imperial",5671.83,5285.142,6058.518
2013,"06027","California","Inyo",7069.9,5679.045,8460.755
2013,"06029","California","Kern",7630.65,7430.044,7831.256
2013,"06031","California","Kings",6372.2,5952.054,6792.346
2013,"06033","California","Lake",9804.3,8926.612,10681.988
2013,"06035","California","Lassen",6849.01,5932.436,7765.584
2013,"06037","California","Los Angeles",5463.8,5413.252,5514.348
2013,"06039","California","Madera",6693.97,6239.172,7148.768
2013,"06041","California","Marin",3781.84,3491.564,4072.116
2013,"06043","California","Mariposa",7309.04,5777.633,8840.447
2013,"06045","California","Mendocino",7974.89,7290.34,8659.44
2013,"06047","California","Merced",6726.27,6378.292,7074.248
2013,"06049","California","Modoc",9030.27,6721.821,11338.719
2013,"06051","California","Mono",3891.45,3060.872,4877.966
2013,"06053","California","Monterey",5215.88,4971.703,5460.057
2013,"06055","California","Napa",5308.86,4859.295,5758.425
2013,"06057","California","Nevada",5603.85,5006.56,6201.14
2013,"06059","California","Orange",4395.91,4312.767,4479.053
2013,"06061","California","Placer",4802.13,4540.509,5063.751
2013,"06063","California","Plumas",7082.1,5694.479,8469.721
2013,"06065","California","Riverside",5959.58,5847.429,6071.731
2013,"06067","California","Sacramento",6446.86,6304.388,6589.332
2013,"06069","California","San Benito",4954.91,4311.501,5598.319
2013,"06071","California","San Bernardino",6760.31,6638.378,6882.242
2013,"06073","California","San Diego",5143.2,5055.843,5230.557
2013,"06075","California","San Francisco",5244.13,5064.476,5423.784
2013,"06077","California","San Joaquin",7087.94,6871.83,7304.05
2013,"06079","California","San Luis Obispo",5229.32,4912.486,5546.154
2013,"06081","California","San Mateo",4134.59,3970.871,4298.309
2013,"06083","California","Santa Barbara",5244.52,4997.266,5491.774
2013,"06085","California","Santa Clara",3987.94,3888.254,4087.626
2013,"06087","California","Santa Cruz",5108.59,4807.142,5410.038
2013,"06089","California","Shasta",8357.93,7878.338,8837.522
2013,"06091","California","Sierra",7607.19,5746.39,9878.569
2013,"06093","California","Siskiyou",8516.27,7471.825,9560.715
2013,"06095","California","Solano",6388.89,6118.234,6659.546
2013,"06097","California","Sonoma",5232.86,5003.364,5462.356
2013,"06099","California","Stanislaus",6810.27,6567.23,7053.31
2013,"06101","California","Sutter",6861.57,6284.252,7438.888
2013,"06103","California","Tehama",7901.57,7103.928,8699.212
2013,"06105","California","Trinity",8555.3,6604.355,10506.245
2013,"06107","California","Tulare",7367.24,7091.154,7643.326
2013,"06109","California","Tuolumne",6682.26,5873.231,7491.289
2013,"06111","California","Ventura",5058.25,4884.28,5232.22
2013,"06113","California","Yolo",4890.75,4559.941,5221.559
2013,"06115","California","Yuba",7939.85,7259.593,8620.107
2014,"06001","California","Alameda",5141.3,5015.86,5266.74
2014,"06005","California","Amador",7504.4,6461.896,8546.904
2014,"06007","California","Butte",7944.16,7520.918,8367.402
2014,"06009","California","Calaveras",6937.97,5958.205,7917.735
2014,"06011","California","Colusa",5945.11,4805.154,7085.066
2014,"06013","California","Contra Costa",5257.38,5100.09,5414.67
2014,"06015","California","Del Norte",9670.61,8346.61,10994.61
2014,"06017","California","El Dorado",5169.84,4773.371,5566.309
2014,"06019","California","Fresno",7009.64,6823.714,7195.566
2014,"06021","California","Glenn",6818.69,5768.522,7868.858
2014,"06023","California","Humboldt",8292.81,7748.087,8837.533
2014,"06025","California","Imperial",5671.83,5285.142,6058.518
2014,"06027","California","Inyo",7069.9,5679.045,8460.755
2014,"06029","California","Kern",7630.65,7430.044,7831.256
2014,"06031","California","Kings",6372.2,5952.054,6792.346
2014,"06033","California","Lake",9804.3,8926.612,10681.988
2014,"06035","California","Lassen",6849.01,5932.436,7765.584
2014,"06037","California","Los Angeles",5463.8,5413.252,5514.348
2014,"06039","California","Madera",6693.97,6239.172,7148.768
2014,"06041","California","Marin",3781.84,3491.564,4072.116
2014,"06043","California","Mariposa",7309.04,5777.633,8840.447
2014,"06045","California","Mendocino",7974.89,7290.34,8659.44
2014,"06047","California","Merced",6726.27,6378.292,7074.248
2014,"06049","California","Modoc",9030.27,6721.821,11338.719
2014,"06051","California","Mono",3891.45,3060.872,4877.966
2014,"06053","California","Monterey",5215.88,4971.703,5460.057
2014,"06055","California","Napa",5308.86,4859.295,5758.425
2014,"06057","California","Nevada",5603.85,5006.56,6201.14
2014,"06059","California","Orange",4395.91,4312.767,4479.053
2014,"06061","California","Placer",4802.13,4540.509,5063.751
2014,"06063","California","Plumas",7082.1,5694.479,8469.721
2014,"06065","California","Riverside",5959.58,5847.429,6071.731
2014,"06067","California","Sacramento",6446.86,6304.388,6589.332
2014,"06069","California","San Benito",4954.91,4311.501,5598.319
2014,"06071","California","San Bernardino",6760.31,6638.378,6882.242
2014,"06073","California","San Diego",5143.2,5055.843,5230.557
2014,"06075","California","San Francisco",5244.13,5064.476,5423.784
2014,"06077","California","San Joaquin",7087.94,6871.83,7304.05
2014,"06079","California","San Luis Obispo",5229.32,4912.486,5546.154
2014,"06081","California","San Mateo",4134.59,3970.871,4298.309
2014,"06083","California","Santa Barbara",5244.52,4997.266,5491.774
2014,"06085","California","Santa Clara",3987.94,3888.254,4087.626
2014,"06087","California","Santa Cruz",5108.59,4807.142,5410.038
2014,"06089","California","Shasta",8357.93,7878.338,8837.522
2014,"06091","California","Sierra",7607.19,5746.39,9878.569
2014,"06093","California","Siskiyou",8516.27,7471.825,9560.715
2014,"06095","California","Solano",6388.89,6118.234,6659.546
2014,"06097","California","Sonoma",5232.86,5003.364,5462.356
2014,"06099","California","Stanislaus",6810.27,6567.23,7053.31
2014,"06101","California","Sutter",6861.57,6284.252,7438.888
2014,"06103","California","Tehama",7901.57,7103.928,8699.212
2014,"06105","California","Trinity",8555.3,6604.355,10506.245
2014,"06107","California","Tulare",7367.24,7091.154,7643.326
2014,"06109","California","Tuolumne",6682.26,5873.231,7491.289
2014,"06111","California","Ventura",5058.25,4884.28,5232.22
2014,"06113","California","Yolo",4890.75,4559.941,5221.559
2014,"06115","California","Yuba",7939.85,7259.593,8620.107
2015,"06001","California","Alameda",4886.73,4766.288,5007.172
2015,"06005","California","Amador",6601.66,5628.54,7574.78
2015,"06007","California","Butte",7649.95,7229.334,8070.566
2015,"06009","California","Calaveras",7101.19,6076.894,8125.486
2015,"06011","California","Colusa",5942.57,4799.576,7085.564
2015,"06013","California","Contra Costa",5040.11,4885.917,5194.303
2015,"06015","California","Del Norte",9082.35,7832.654,10332.046
2015,"06017","California","El Dorado",5096.16,4709.903,5482.417
2015,"06019","California","Fresno",6784.17,6602.204,6966.136
2015,"06021","California","Glenn",6947.15,5861.192,8033.108
2015,"06023","California","Humboldt",8140.31,7589.962,8690.658
2015,"06025","California","Imperial",5337.91,4976.349,5699.471
2015,"06027","California","Inyo",5835.7,4675.556,6995.844
2015,"06029","California","Kern",7312.58,7117.599,7507.561
2015,"06031","California","Kings",6324.27,5902.772,6745.768
2015,"06033","California","Lake",10269.47,9353.582,11185.358
2015,"06035","California","Lassen",6820.78,5840.662,7800.898
2015,"06037","California","Los Angeles",5066.17,5018.13,5114.21
2015,"06039","California","Madera",6702.86,6247.513,7158.207
2015,"06041","California","Marin",3500.61,3225.073,3776.147
2015,"06043","California","Mariposa",7094.09,5487.517,8700.663
2015,"06045","California","Mendocino",7323,6670.144,7975.856
2015,"06047","California","Merced",6580.91,6244.104,6917.716
2015,"06049","California","Modoc",9307.35,6851.078,11763.622
2015,"06051","California","Mono",3448.89,2683.442,4364.791
2015,"06053","California","Monterey",4991.47,4755.878,5227.062
2015,"06055","California","Napa",4739.49,4328.85,5150.13
2015,"06057","California","Nevada",5871.83,5235.046,6508.614
2015,"06059","California","Orange",4179.3,4099.861,4258.739
2015,"06061","California","Placer",4922.1,4653.227,5190.973
2015,"06063","California","Plumas",8246.13,6564.901,9927.359
2015,"06065","California","Riverside",5626.57,5519.24,5733.9
2015,"06067","California","Sacramento",6353.17,6212.481,6493.859
2015,"06069","California","San Benito",4914.79,4246.626,5582.954
2015,"06071","California","San Bernardino",6379.19,6262.394,6495.986
2015,"06073","California","San Diego",4882.41,4798.679,4966.141
2015,"06075","California","San Francisco",5001.5,4828.118,5174.882
2015,"06077","California","San Joaquin",7018.37,6805.71,7231.03
2015,"06079","California","San Luis Obispo",5516.34,5179.867,5852.813
2015,"06081","California","San Mateo",3824.37,3668.824,3979.916
2015,"06083","California","Santa Barbara",4985.83,4749.748,5221.912
2015,"06085","California","Santa Clara",3756.61,3661.413,3851.807
2015,"06087","California","Santa Cruz",5065.51,4759.397,5371.623
2015,"06089","California","Shasta",8990.16,8474.856,9505.464
2015,"06091","California","Sierra",10259.86,7615.066,13526.346
2015,"06093","California","Siskiyou",8760.78,7669.158,9852.402
2015,"06095","California","Solano",6228.5,5961.274,6495.726
2015,"06097","California","Sonoma",4942.47,4721.264,5163.676
2015,"06099","California","Stanislaus",6876.21,6629.681,7122.739
2015,"06101","California","Sutter",6587.26,6028.738,7145.782
2015,"06103","California","Tehama",7413.9,6646.207,8181.593
2015,"06105","California","Trinity",9952.41,7845.626,12059.194
2015,"06107","California","Tulare",6960.71,6696.933,7224.487
2015,"06109","California","Tuolumne",6972.66,6095.305,7850.015
2015,"06111","California","Ventura",4729.52,4563.43,4895.61
2015,"06113","California","Yolo",4923.08,4590.919,5255.241
2015,"06115","California","Yuba",7557.53,6896.814,8218.246
2016,"06001","California","Alameda",4885.7,4766.1,5005.2
2016,"06005","California","Amador",5775.7,4845.1,6706.2
2016,"06007","California","Butte",7436.8,7019.2,7854.5
2016,"06009","California","Calaveras",7536.8,6445.3,8628.3
2016,"06011","California","Colusa",6254.6,5072.4,7436.8
2016,"06013","California","Contra Costa",4880.3,4729.5,5031.1
2016,"06015","California","Del Norte",8718.8,7496.4,9941.2
2016,"06017","California","El Dorado",5110.9,4720.6,5501.2
2016,"06019","California","Fresno",6902.6,6718.2,7087.1
2016,"06021","California","Glenn",7233.5,6084.4,8382.6
2016,"06023","California","Humboldt",8433.9,7874.6,8993.1
2016,"06025","California","Imperial",5244.5,4890.1,5598.9
2016,"06027","California","Inyo",5560.3,4420.3,6700.4
2016,"06029","California","Kern",7492.2,7294.2,7690.2
2016,"06031","California","Kings",6348.7,5924.7,6772.6
2016,"06033","California","Lake",10644.8,9687.4,11602.3
2016,"06035","California","Lassen",6744.1,5788.2,7700
2016,"06037","California","Los Angeles",5009.3,4961.7,5056.9
2016,"06039","California","Madera",6855.2,6389.5,7321
2016,"06041","California","Marin",3621.6,3332,3911.1
2016,"06043","California","Mariposa",7495.3,5805.4,9185.1
2016,"06045","California","Mendocino",7596.3,6906,8286.6
2016,"06047","California","Merced",6723.5,6383.7,7063.4
2016,"06049","California","Modoc",10229.1,7545.1,12913.2
2016,"06051","California","Mono",3724.6,2939.4,4655.1
2016,"06053","California","Monterey",5044.2,4808.6,5279.9
2016,"06055","California","Napa",4729.2,4323.4,5134.9
2016,"06057","California","Nevada",6140,5480.2,6799.7
2016,"06059","California","Orange",4153.2,4074.5,4231.9
2016,"06061","California","Placer",4923.8,4655.2,5192.3
2016,"06063","California","Plumas",8755.7,6938.3,10573
2016,"06065","California","Riverside",5589.4,5483.1,5695.8
2016,"06067","California","Sacramento",6292.8,6153.4,6432.1
2016,"06069","California","San Benito",5053.8,4396.1,5711.6
2016,"06071","California","San Bernardino",6445.1,6327.6,6562.5
2016,"06073","California","San Diego",4871.3,4788.2,4954.3
2016,"06075","California","San Francisco",4930.1,4758.5,5101.6
2016,"06077","California","San Joaquin",6986.4,6774.6,7198.2
2016,"06079","California","San Luis Obispo",5411.1,5077,5745.2
2016,"06081","California","San Mateo",3676.1,3525.6,3826.6
2016,"06083","California","Santa Barbara",4806.6,4578.6,5034.7
2016,"06085","California","Santa Clara",3721.1,3625.4,3816.8
2016,"06087","California","Santa Cruz",5148.6,4838.7,5458.6
2016,"06089","California","Shasta",8959.7,8446.1,9473.2
2016,"06093","California","Siskiyou",9151.9,8024.7,10279.2
2016,"06095","California","Solano",6195.5,5927.8,6463.1
2016,"06097","California","Sonoma",4736.8,4524,4949.6
2016,"06099","California","Stanislaus",7103.8,6853.2,7354.4
2016,"06101","California","Sutter",6480.7,5926.6,7034.7
2016,"06103","California","Tehama",7547.7,6781.7,8313.7
2016,"06105","California","Trinity",10280.4,8181.9,12378.9
2016,"06107","California","Tulare",6949.5,6686.7,7212.3
2016,"06109","California","Tuolumne",6589.3,5764.5,7414.2
2016,"06111","California","Ventura",4776.5,4609.1,4943.8
2016,"06113","California","Yolo",5087.6,4747.4,5427.8
2016,"06115","California","Yuba",7894.4,7209,8579.8
2017,"06001","California","Alameda",4767.5,4649.8,4885.3
2017,"06005","California","Amador",6117.9,5154.3,7081.6
2017,"06007","California","Butte",7438,7020.3,7855.6
2017,"06009","California","Calaveras",7209.5,6136.2,8282.9
2017,"06011","California","Colusa",5432.4,4340.8,6524
2017,"06013","California","Contra Costa",4712.1,4566.3,4857.9
2017,"06015","California","Del Norte",8297.8,7087.9,9507.7
2017,"06017","California","El Dorado",5220.8,4823,5618.5
2017,"06019","California","Fresno",6895.5,6711.6,7079.5
2017,"06021","California","Glenn",6667.4,5624.2,7710.5
2017,"06023","California","Humboldt",8768.6,8192.6,9344.6
2017,"06025","California","Imperial",5550.5,5184.7,5916.3
2017,"06027","California","Inyo",6743,5409.1,8076.9
2017,"06029","California","Kern",7474.9,7278.2,7671.6
2017,"06031","California","Kings",6280.3,5859.4,6701.1
2017,"06033","California","Lake",10636.6,9666.3,11606.8
2017,"06035","California","Lassen",6199.9,5318.4,7081.4
2017,"06037","California","Los Angeles",4943.4,4896.3,4990.5
2017,"06039","California","Madera",6855.4,6388.8,7322
2017,"06041","California","Marin",3625.3,3332.2,3918.4
2017,"06043","California","Mariposa",8131.5,6385.4,9877.5
2017,"06045","California","Mendocino",8048.9,7328.5,8769.3
2017,"06047","California","Merced",6664.3,6327.9,7000.7
2017,"06049","California","Modoc",11461.3,8564.5,14358
2017,"06051","California","Mono",3666.3,2898,4575.6
2017,"06053","California","Monterey",4955.1,4722.3,5187.8
2017,"06055","California","Napa",4437.9,4047.1,4828.7
2017,"06057","California","Nevada",6121.7,5480.7,6762.7
2017,"06059","California","Orange",4118.2,4040.2,4196.2
2017,"06061","California","Placer",4665.6,4408.7,4922.4
2017,"06063","California","Plumas",8975.7,7198.4,10753
2017,"06065","California","Riverside",5550.3,5444.6,5656
2017,"06067","California","Sacramento",6192.2,6054.1,6330.3
2017,"06069","California","San Benito",4905.5,4269.3,5541.7
2017,"06071","California","San Bernardino",6498.8,6380.7,6616.9
2017,"06073","California","San Diego",4745.8,4664.3,4827.3
2017,"06075","California","San Francisco",4730.6,4563.9,4897.2
2017,"06077","California","San Joaquin",6995.4,6784.2,7206.7
2017,"06079","California","San Luis Obispo",5449.1,5110,5788.3
2017,"06081","California","San Mateo",3537.7,3390.2,3685.2
2017,"06083","California","Santa Barbara",4881.6,4653.5,5109.7
2017,"06085","California","Santa Clara",3660.7,3566.7,3754.8
2017,"06087","California","Santa Cruz",5213.4,4899.2,5527.6
2017,"06089","California","Shasta",8514.8,8028.3,9001.3
2017,"06093","California","Siskiyou",8974.3,7897.4,10051.1
2017,"06095","California","Solano",6338.8,6066.5,6611.1
2017,"06097","California","Sonoma",4690.1,4479.5,4900.7
2017,"06099","California","Stanislaus",7078.3,6829.1,7327.5
2017,"06101","California","Sutter",6622.1,6052.7,7191.5
2017,"06103","California","Tehama",7473,6719.2,8226.8
2017,"06105","California","Trinity",10873.3,8592.5,13154.1
2017,"06107","California","Tulare",6922.3,6660,7184.5
2017,"06109","California","Tuolumne",6985.5,6114.6,7856.4
2017,"06111","California","Ventura",4612.3,4447,4777.7
2017,"06113","California","Yolo",5210.6,4864.9,5556.3
2017,"06115","California","Yuba",7914.2,7228.1,8600.3
2018,"06001","California","Alameda",4660.0793548,4544.1973663,4775.9613433
2018,"06005","California","Amador",6213.5108186,5182.722809,7244.2988282
2018,"06007","California","Butte",7285.5304554,6881.3338254,7689.7270855
2018,"06009","California","Calaveras",7306.2014148,6223.4800705,8388.9227592
2018,"06011","California","Colusa",5746.5299587,4615.5586341,6877.5012834
2018,"06013","California","Contra Costa",4702.7530912,4557.8493003,4847.6568821
2018,"06015","California","Del Norte",8127.8842668,6973.1910342,9282.5774995
2018,"06017","California","El Dorado",5119.9236959,4729.2240196,5510.6233721
2018,"06019","California","Fresno",6961.0063714,6776.3837504,7145.6289923
2018,"06021","California","Glenn",7335.7779208,6199.3236649,8472.2321767
2018,"06023","California","Humboldt",8952.8219231,8372.9554367,9532.6884096
2018,"06025","California","Imperial",5655.2385912,5284.0243374,6026.4528449
2018,"06027","California","Inyo",6345.4262708,5034.9185349,7655.9340068
2018,"06029","California","Kern",7592.548046,7395.1774509,7789.918641
2018,"06031","California","Kings",5966.7521692,5550.1707704,6383.3335679
2018,"06033","California","Lake",11667.0154,10652.670606,12681.360194
2018,"06035","California","Lassen",6416.0018743,5455.1374548,7376.8662939
2018,"06037","California","Los Angeles",4946.1516978,4898.9880031,4993.3153925
2018,"06039","California","Madera",6592.1142681,6137.637266,7046.5912702
2018,"06041","California","Marin",3447.6744813,3162.7162683,3732.6326942
2018,"06043","California","Mariposa",7338.7497819,5693.6104253,8983.8891385
2018,"06045","California","Mendocino",8000.3013339,7279.8524783,8720.7501894
2018,"06047","California","Merced",6748.6621226,6410.5729683,7086.7512768
2018,"06049","California","Modoc",10390.745127,7472.0695019,13309.420753
2018,"06051","California","Mono",3933.4704666,3141.9165013,4863.7971461
2018,"06053","California","Monterey",5066.5515903,4830.7086483,5302.3945324
2018,"06055","California","Napa",4382.8514641,3999.0156585,4766.6872698
2018,"06057","California","Nevada",5913.6125693,5285.4151877,6541.8099509
2018,"06059","California","Orange",4094.3629575,4016.5621347,4172.1637802
2018,"06061","California","Placer",4740.8561038,4480.2221645,5001.4900431
2018,"06063","California","Plumas",9548.6050922,7680.9833444,11416.22684
2018,"06065","California","Riverside",5587.4210996,5482.0854425,5692.7567566
2018,"06067","California","Sacramento",6240.3360832,6101.7489123,6378.9232541
2018,"06069","California","San Benito",4752.1158624,4131.55049,5372.6812348
2018,"06071","California","San Bernardino",6562.4666813,6443.6744552,6681.2589073
2018,"06073","California","San Diego",4658.1893905,4577.9672949,4738.4114861
2018,"06075","California","San Francisco",4568.8082733,4407.8974606,4729.719086
2018,"06077","California","San Joaquin",7156.0309739,6940.6689858,7371.392962
2018,"06079","California","San Luis Obispo",5326.4225449,4996.3646042,5656.4804856
2018,"06081","California","San Mateo",3552.4944375,3403.464434,3701.524441
2018,"06083","California","Santa Barbara",4854.6894658,4623.8512177,5085.5277139
2018,"06085","California","Santa Clara",3621.6544721,3528.126271,3715.1826731
2018,"06087","California","Santa Cruz",5108.3272322,4795.6361189,5421.0183455
2018,"06089","California","Shasta",8811.0861999,8318.573579,9303.5988208
2018,"06093","California","Siskiyou",9534.1354351,8399.3793975,10668.891473
2018,"06095","California","Solano",6346.8528998,6075.1691489,6618.5366506
2018,"06097","California","Sonoma",4720.2849108,4505.2805213,4935.2893003
2018,"06099","California","Stanislaus",7148.4687337,6901.2357818,7395.7016855
2018,"06101","California","Sutter",6684.0696037,6115.9396652,7252.1995423
2018,"06103","California","Tehama",7581.91279,6807.8576965,8355.9678834
2018,"06105","California","Trinity",10404.512145,8157.272391,12651.751898
2018,"06107","California","Tulare",7224.8713177,6955.0339515,7494.7086839
2018,"06109","California","Tuolumne",7008.0574711,6147.5663763,7868.5485659
2018,"06111","California","Ventura",4711.9914243,4544.5677442,4879.4151044
2018,"06113","California","Yolo",5383.6180185,5026.9145559,5740.3214811
2018,"06115","California","Yuba",8548.2575844,7824.0468266,9272.4683423
2019,"06001","California","Alameda",4497.4517815,4384.791348,4610.112215
2019,"06005","California","Amador",6101.441276,5081.4836496,7121.3989024
2019,"06007","California","Butte",7604.9202654,7199.0607267,8010.779804
2019,"06009","California","Calaveras",7329.345035,6285.4460317,8373.2440382
2019,"06011","California","Colusa",5676.9476611,4571.8509123,6782.0444099
2019,"06013","California","Contra Costa",4643.0717249,4501.0915774,4785.0518724
2019,"06015","California","Del Norte",8953.6731104,7774.9091811,10132.43704
2019,"06017","California","El Dorado",5358.6159827,4955.6829149,5761.5490504
2019,"06019","California","Fresno",6944.910268,6763.4628375,7126.3576985
2019,"06021","California","Glenn",7566.3069009,6387.401344,8745.2124578
2019,"06023","California","Humboldt",9087.166241,8502.6981167,9671.6343653
2019,"06025","California","Imperial",6040.0298511,5647.913898,6432.1458042
2019,"06027","California","Inyo",7913.3408712,6259.0472895,9567.634453
2019,"06029","California","Kern",7822.443712,7622.8864575,8022.0009665
2019,"06031","California","Kings",6016.6870133,5595.6988213,6437.6752053
2019,"06033","California","Lake",11578.018825,10606.720698,12549.316952
2019,"06035","California","Lassen",7294.8005195,6208.7995872,8380.8014517
2019,"06037","California","Los Angeles",5007.6549713,4960.0718003,5055.2381423
2019,"06039","California","Madera",6643.2037921,6188.5453549,7097.8622293
2019,"06041","California","Marin",3133.0033055,2874.3883353,3391.6182757
2019,"06043","California","Mariposa",8610.4287028,6795.8655901,10424.991816
2019,"06045","California","Mendocino",7756.2745672,7048.7407506,8463.8083838
2019,"06047","California","Merced",7117.5007738,6768.8613071,7466.1402404
2019,"06049","California","Modoc",10361.559861,7377.5977502,13345.521973
2019,"06051","California","Mono",3935.1253957,2831.1084758,5039.1423157
2019,"06053","California","Monterey",5235.0215235,4993.7155971,5476.32745
2019,"06055","California","Napa",4547.882526,4149.6732716,4946.0917804
2019,"06057","California","Nevada",5712.7762684,5100.3994186,6325.1531182
2019,"06059","California","Orange",4158.2953849,4079.2399356,4237.3508342
2019,"06061","California","Placer",4694.1035749,4438.1608375,4950.0463122
2019,"06063","California","Plumas",8153.6813841,6458.9554611,9848.407307
2019,"06065","California","Riverside",5777.981117,5671.2375036,5884.7247304
2019,"06067","California","Sacramento",6373.7545444,6234.0982528,6513.4108361
2019,"06069","California","San Benito",5253.2199296,4590.7802824,5915.6595769
2019,"06071","California","San Bernardino",6709.3598218,6589.5231965,6829.1964471
2019,"06073","California","San Diego",4611.3504296,4532.1422995,4690.5585598
2019,"06075","California","San Francisco",4384.419376,4229.681448,4539.1573039
2019,"06077","California","San Joaquin",7218.5943993,7005.7040972,7431.4847013
2019,"06079","California","San Luis Obispo",5351.8147503,5027.4156844,5676.2138161
2019,"06081","California","San Mateo",3469.7978306,3319.1206211,3620.4750402
2019,"06083","California","Santa Barbara",5014.7669451,4776.0636962,5253.4701941
2019,"06085","California","Santa Clara",3641.4113944,3546.8880281,3735.9347607
2019,"06087","California","Santa Cruz",4699.1485239,4401.748578,4996.5484698
2019,"06089","California","Shasta",9004.6017568,8496.7601194,9512.4433942
2019,"06093","California","Siskiyou",9510.9383215,8397.2002355,10624.676408
2019,"06095","California","Solano",6099.5961161,5837.0293338,6362.1628985
2019,"06097","California","Sonoma",4822.9556464,4601.1860088,5044.7252839
2019,"06099","California","Stanislaus",7247.9849565,7001.132365,7494.8375479
2019,"06101","California","Sutter",6973.2099905,6390.8036788,7555.6163022
2019,"06103","California","Tehama",8122.4555793,7312.0586676,8932.8524909
2019,"06105","California","Trinity",11256.909302,8686.8614312,13826.957172
2019,"06107","California","Tulare",7303.1420504,7031.5911154,7574.6929854
2019,"06109","California","Tuolumne",7653.113045,6699.3219753,8606.9041146
2019,"06111","California","Ventura",4764.7697641,4597.2653007,4932.2742275
2019,"06113","California","Yolo",5160.4666866,4817.9144855,5503.0188876
2019,"06115","California","Yuba",9470.1542203,8711.6250805,10228.68336
2020,"06001","California","Alameda",4408.5910489,4297.1072938,4520.074804
2020,"06005","California","Amador",6363.8656948,5346.1157372,7381.6156524
2020,"06007","California","Butte",7784.4961042,7374.6636054,8194.328603
2020,"06009","California","Calaveras",7345.8857981,6311.392084,8380.3795122
2020,"06011","California","Colusa",6556.2787052,5342.9783313,7769.5790792
2020,"06013","California","Contra Costa",4623.5095352,4480.6601787,4766.3588916
2020,"06015","California","Del Norte",8954.9014012,7764.0769401,10145.725862
2020,"06017","California","El Dorado",5164.5473544,4765.9799526,5563.1147562
2020,"06019","California","Fresno",7006.6159427,6824.4457254,7188.78616
2020,"06021","California","Glenn",7364.3106766,6205.0215111,8523.5998422
2020,"06023","California","Humboldt",8994.0565643,8413.3012858,9574.8118427
2020,"06025","California","Imperial",6213.3986322,5816.2458507,6610.5514137
2020,"06027","California","Inyo",8740.0101163,6945.2543158,10534.765917
2020,"06029","California","Kern",7923.0215081,7722.1183714,8123.9246449
2020,"06031","California","Kings",6356.8669362,5927.0674086,6786.6664638
2020,"06033","California","Lake",11305.466803,10325.344242,12285.589364
2020,"06035","California","Lassen",7125.9207184,6056.9307983,8194.9106386
2020,"06037","California","Los Angeles",5017.5431691,4969.7229098,5065.3634284
2020,"06039","California","Madera",6650.6452874,6199.1025208,7102.1880541
2020,"06041","California","Marin",3206.6318035,2939.9378836,3473.3257235
2020,"06043","California","Mariposa",8231.0448737,6512.220444,9949.8693035
2020,"06045","California","Mendocino",7749.67295,7039.9569373,8459.3889626
2020,"06047","California","Merced",6775.7437047,6438.8343957,7112.6530137
2020,"06049","California","Modoc",10076.65162,7260.6256435,12892.677597
2020,"06051","California","Mono",3369.6016286,2445.0496591,4294.1535982
2020,"06053","California","Monterey",5175.9192872,4935.4565653,5416.3820092
2020,"06055","California","Napa",4646.0857462,4232.6488397,5059.5226526
2020,"06057","California","Nevada",5835.2399112,5231.5936316,6438.8861908
2020,"06059","California","Orange",4199.1366307,4119.2381954,4279.0350661
2020,"06061","California","Placer",4522.6949673,4275.2919643,4770.0979703
2020,"06063","California","Plumas",8700.6760216,6934.7206443,10466.631399
2020,"06065","California","Riverside",5796.962999,5690.2862305,5903.6397676
2020,"06067","California","Sacramento",6339.7496513,6200.6611581,6478.8381444
2020,"06069","California","San Benito",5148.1810351,4501.1968802,5795.1651901
2020,"06071","California","San Bernardino",6762.5514735,6642.3851618,6882.7177851
2020,"06073","California","San Diego",4641.05997,4561.1497967,4720.9701432
2020,"06075","California","San Francisco",4269.7004184,4117.8044669,4421.5963698
2020,"06077","California","San Joaquin",7155.2242935,6944.3127341,7366.1358528
2020,"06079","California","San Luis Obispo",5271.2259578,4952.4096339,5590.0422818
2020,"06081","California","San Mateo",3367.8110377,3220.1502692,3515.4718061
2020,"06083","California","Santa Barbara",5042.4450983,4803.6157464,5281.2744503
2020,"06085","California","Santa Clara",3579.0807063,3485.3429534,3672.8184593
2020,"06087","California","Santa Cruz",4622.3917405,4328.8575972,4915.9258839
2020,"06089","California","Shasta",9014.3139037,8502.1275573,9526.50025
2020,"06093","California","Siskiyou",9455.1533337,8335.3233741,10574.983293
2020,"06095","California","Solano",6149.0383397,5884.0200962,6414.0565833
2020,"06097","California","Sonoma",4779.2582374,4558.0501344,5000.4663404
2020,"06099","California","Stanislaus",7163.5505852,6919.6329306,7407.4682397
2020,"06101","California","Sutter",7136.0381906,6545.6335942,7726.442787
2020,"06103","California","Tehama",8847.4706238,7994.9589879,9699.9822597
2020,"06105","California","Trinity",11187.237833,8562.2547377,13812.220928
2020,"06107","California","Tulare",7209.0187819,6939.041227,7478.9963368
2020,"06109","California","Tuolumne",7518.9026826,6588.4994755,8449.3058896
2020,"06111","California","Ventura",4694.6479676,4527.6943133,4861.6016218
2020,"06113","California","Yolo",4795.4639776,4475.1263245,5115.8016307
2020,"06115","California","Yuba",9637.6553819,8880.8371599,10394.473604
2021,"06001","California","Alameda",4341.1728267,4229.9795896,4452.3660638
2021,"06005","California","Amador",6203.8883539,5223.561811,7184.2148968
2021,"06007","California","Butte",7577.9065977,7173.6730673,7982.1401281
2021,"06009","California","Calaveras",7867.4467053,6786.946057,8947.9473536
2021,"06011","California","Colusa",6576.0698843,5366.8400872,7785.2996815
2021,"06013","California","Contra Costa",4619.1950862,4475.2777062,4763.1124663
2021,"06015","California","Del Norte",8783.3550922,7608.569592,9958.1405923
2021,"06017","California","El Dorado",4818.8844887,4438.7420584,5199.0269191
2021,"06019","California","Fresno",7008.1968758,6825.6429389,7190.7508126
2021,"06021","California","Glenn",7522.8961048,6352.7849564,8693.0072531
2021,"06023","California","Humboldt",8732.6240991,8161.0308121,9304.2173861
2021,"06025","California","Imperial",5980.0516352,5591.0571519,6369.0461186
2021,"06027","California","Inyo",7746.8175792,6098.3369284,9395.2982299
2021,"06029","California","Kern",8031.3770962,7828.1288756,8234.6253169
2021,"06031","California","Kings",6595.0736714,6156.1903503,7033.9569925
2021,"06033","California","Lake",11656.95136,10662.721231,12651.18149
2021,"06035","California","Lassen",6814.1306162,5760.1834537,7868.0777787
2021,"06037","California","Los Angeles",5005.0111192,4957.017627,5053.0046114
2021,"06039","California","Madera",6777.9989315,6319.6959732,7236.3018898
2021,"06041","California","Marin",3238.9973763,2972.3972269,3505.5975256
2021,"06043","California","Mariposa",7089.7760493,5518.1137294,8661.4383692
2021,"06045","California","Mendocino",7754.07372,7045.9124132,8462.2350268
2021,"06047","California","Merced",6592.9948408,6261.5415216,6924.44816
2021,"06049","California","Modoc",9281.8010885,6614.8835728,11948.718604
2021,"06051","California","Mono",3978.7872276,2920.7211077,5036.8533475
2021,"06053","California","Monterey",5072.4507764,4834.0119002,5310.8896526
2021,"06055","California","Napa",4401.2936801,4005.0020393,4797.5853209
2021,"06057","California","Nevada",6068.4056895,5440.6278991,6696.1834799
2021,"06059","California","Orange",4144.3284058,4065.0985019,4223.5583097
2021,"06061","California","Placer",4471.2396564,4224.430489,4718.0488237
2021,"06063","California","Plumas",8708.5106803,6926.8495891,10490.171771
2021,"06065","California","Riverside",5842.4339642,5735.4294736,5949.4384549
2021,"06067","California","Sacramento",6381.6141766,6241.8453392,6521.3830139
2021,"06069","California","San Benito",5385.5886075,4722.4617813,6048.7154337
2021,"06071","California","San Bernardino",6845.5852838,6725.1590225,6966.0115451
2021,"06073","California","San Diego",4633.6240395,4553.3958441,4713.8522348
2021,"06075","California","San Francisco",4315.4324137,4162.0593099,4468.8055176
2021,"06077","California","San Joaquin",7275.2181111,7060.950002,7489.4862202
2021,"06079","California","San Luis Obispo",5152.9718934,4837.7528199,5468.1909669
2021,"06081","California","San Mateo",3296.8515102,3151.1243493,3442.5786712
2021,"06083","California","Santa Barbara",5199.8256215,4956.0017688,5443.6494742
2021,"06085","California","Santa Clara",3493.9622062,3401.4060401,3586.5183724
2021,"06087","California","Santa Cruz",4675.0659651,4374.8830131,4975.2489171
2021,"06089","California","Shasta",9066.6909734,8544.0515048,9589.330442
2021,"06093","California","Siskiyou",9929.0420635,8737.3262727,11120.757854
2021,"06095","California","Solano",6158.8331689,5895.4359027,6422.230435
2021,"06097","California","Sonoma",4802.8274583,4577.9947628,5027.6601538
2021,"06099","California","Stanislaus",7117.3449008,6874.7420168,7359.9477849
2021,"06101","California","Sutter",7101.7907955,6503.0531497,7700.5284414
2021,"06103","California","Tehama",9503.3680524,8599.9795092,10406.756596
2021,"06105","California","Trinity",13183.42622,10147.535951,16219.316489
2021,"06107","California","Tulare",6953.3895964,6689.8799997,7216.8991932
2021,"06109","California","Tuolumne",7774.4136126,6819.0585093,8729.7687159
2021,"06111","California","Ventura",4654.1452841,4485.2225547,4823.0680136
2021,"06113","California","Yolo",4616.9534698,4304.5344362,4929.3725034
2021,"06115","California","Yuba",9487.8886244,8729.8879429,10245.889306
2022,"06001","California","Alameda",4650.6551303,4535.131207,4766.1790536
2022,"06005","California","Amador",6929.9881092,5932.3275504,7927.6486681
2022,"06007","California","Butte",7851.2794904,7435.9535468,8266.6054339
2022,"06009","California","Calaveras",7892.1018755,6824.56794,8959.635811
2022,"06011","California","Colusa",6877.0321025,5626.3942129,8127.669992
2022,"06013","California","Contra Costa",4994.8054158,4844.1502291,5145.4606024
2022,"06015","California","Del Norte",9204.8630085,7944.6488357,10465.077181
2022,"06017","California","El Dorado",5328.9889366,4912.2691627,5745.7087106
2022,"06019","California","Fresno",7511.3445697,7323.3404371,7699.3487024
2022,"06021","California","Glenn",7905.2663038,6725.8820833,9084.6505244
2022,"06023","California","Humboldt",8529.8172403,7971.0538235,9088.5806571
2022,"06025","California","Imperial",7110.5468967,6695.7527543,7525.341039
2022,"06027","California","Inyo",8003.8632962,6441.1189247,9566.6076678
2022,"06029","California","Kern",8735.144014,8522.2499974,8948.0380306
2022,"06031","California","Kings",6863.0811042,6417.1650973,7308.997111
2022,"06033","California","Lake",11558.925676,10571.669685,12546.181666
2022,"06035","California","Lassen",7623.7045102,6522.1318769,8725.2771434
2022,"06037","California","Los Angeles",5557.720209,5507.0495814,5608.3908366
2022,"06039","California","Madera",7197.3595823,6728.4127868,7666.3063777
2022,"06041","California","Marin",3554.6932114,3269.0822066,3840.3042162
2022,"06043","California","Mariposa",7490.3843112,5843.7590627,9137.0095597
2022,"06045","California","Mendocino",8620.4445503,7866.8165768,9374.0725238
2022,"06047","California","Merced",7371.85709,7024.509388,7719.2047921
2022,"06049","California","Modoc",10678.907593,7844.4674213,13513.347764
2022,"06051","California","Mono",3314.891816,2365.1760972,4264.6075348
2022,"06053","California","Monterey",5291.7849862,5048.7085327,5534.8614397
2022,"06055","California","Napa",4617.5779552,4198.9170303,5036.2388801
2022,"06057","California","Nevada",6752.8032265,6062.7246155,7442.8818375
2022,"06059","California","Orange",4400.6685473,4319.2971146,4482.0399801
2022,"06061","California","Placer",4579.3611449,4327.3367798,4831.38551
2022,"06063","California","Plumas",10122.549281,8123.3144518,12121.784111
2022,"06065","California","Riverside",6381.160543,6270.3840245,6491.9370616
2022,"06067","California","Sacramento",6667.2004836,6523.741536,6810.6594312
2022,"06069","California","San Benito",5285.4462036,4640.0613599,5930.8310473
2022,"06071","California","San Bernardino",7723.7035076,7596.0351102,7851.3719049
2022,"06073","California","San Diego",4926.2220448,4843.2754118,5009.1686779
2022,"06075","California","San Francisco",4811.4461331,4648.4467381,4974.4455281
2022,"06077","California","San Joaquin",7767.5625423,7548.2621265,7986.8629581
2022,"06079","California","San Luis Obispo",5260.3680172,4939.6126944,5581.12334
2022,"06081","California","San Mateo",3503.8321681,3353.6459276,3654.0184087
2022,"06083","California","Santa Barbara",5333.9694373,5087.2792187,5580.6596558
2022,"06085","California","Santa Clara",3682.6789392,3587.5329039,3777.8249745
2022,"06087","California","Santa Cruz",5048.3435227,4729.3002133,5367.3868321
2022,"06089","California","Shasta",9500.3016323,8967.0680867,10033.535178
2022,"06093","California","Siskiyou",10618.122156,9334.8420213,11901.40229
2022,"06095","California","Solano",6402.2245159,6135.4526058,6668.996426
2022,"06097","California","Sonoma",5096.9645797,4864.9342916,5328.9948678
2022,"06099","California","Stanislaus",7821.0028898,7565.3388815,8076.666898
2022,"06101","California","Sutter",7515.2232465,6900.0784929,8130.3680002
2022,"06103","California","Tehama",9623.432093,8725.4853777,10521.378808
2022,"06105","California","Trinity",14307.233951,11133.954137,17480.513766
2022,"06107","California","Tulare",7363.5224669,7093.9423603,7633.1025735
2022,"06109","California","Tuolumne",8067.273583,7093.8110563,9040.7361097
2022,"06111","California","Ventura",4737.3251185,4567.0187235,4907.6315135
2022,"06113","California","Yolo",4742.417338,4425.2121081,5059.6225679
2022,"06115","California","Yuba",9162.9929404,8420.364275,9905.6216058
2023,"06001","California","Alameda",4650.6551303,4535.131207,4766.1790536
2023,"06005","California","Amador",6929.9881092,5932.3275504,7927.6486681
2023,"06007","California","Butte",7851.2794904,7435.9535468,8266.6054339
2023,"06009","California","Calaveras",7892.1018755,6824.56794,8959.635811
2023,"06011","California","Colusa",6877.0321025,5626.3942129,8127.669992
2023,"06013","California","Contra Costa",4994.8054158,4844.1502291,5145.4606024
2023,"06015","California","Del Norte",9204.8630085,7944.6488357,10465.077181
2023,"06017","California","El Dorado",5328.9889366,4912.2691627,5745.7087106
2023,"06019","California","Fresno",7511.3445697,7323.3404371,7699.3487024
2023,"06021","California","Glenn",7905.2663038,6725.8820833,9084.6505244
2023,"06023","California","Humboldt",8529.8172403,7971.0538235,9088.5806571
2023,"06025","California","Imperial",7110.5468967,6695.7527543,7525.341039
2023,"06027","California","Inyo",8003.8632962,6441.1189247,9566.6076678
2023,"06029","California","Kern",8735.144014,8522.2499974,8948.0380306
2023,"06031","California","Kings",6863.0811042,6417.1650973,7308.997111
2023,"06033","California","Lake",11558.925676,10571.669685,12546.181666
2023,"06035","California","Lassen",7623.7045102,6522.1318769,8725.2771434
2023,"06037","California","Los Angeles",5557.720209,5507.0495814,5608.3908366
2023,"06039","California","Madera",7197.3595823,6728.4127868,7666.3063777
2023,"06041","California","Marin",3554.6932114,3269.0822066,3840.3042162
2023,"06043","California","Mariposa",7490.3843112,5843.7590627,9137.0095597
2023,"06045","California","Mendocino",8620.4445503,7866.8165768,9374.0725238
2023,"06047","California","Merced",7371.85709,7024.509388,7719.2047921
2023,"06049","California","Modoc",10678.907593,7844.4674213,13513.347764
2023,"06051","California","Mono",3314.891816,2365.1760972,4264.6075348
2023,"06053","California","Monterey",5291.7849862,5048.7085327,5534.8614397
2023,"06055","California","Napa",4617.5779552,4198.9170303,5036.2388801
2023,"06057","California","Nevada",6752.8032265,6062.7246155,7442.8818375
2023,"06059","California","Orange",4400.6685473,4319.2971146,4482.0399801
2023,"06061","California","Placer",4579.3611449,4327.3367798,4831.38551
2023,"06063","California","Plumas",10122.549281,8123.3144518,12121.784111
2023,"06065","California","Riverside",6381.160543,6270.3840245,6491.9370616
2023,"06067","California","Sacramento",6667.2004836,6523.741536,6810.6594312
2023,"06069","California","San Benito",5285.4462036,4640.0613599,5930.8310473
2023,"06071","California","San Bernardino",7723.7035076,7596.0351102,7851.3719049
2023,"06073","California","San Diego",4926.2220448,4843.2754118,5009.1686779
2023,"06075","California","San Francisco",4811.4461331,4648.4467381,4974.4455281
2023,"06077","California","San Joaquin",7767.5625423,7548.2621265,7986.8629581
2023,"06079","California","San Luis Obispo",5260.3680172,4939.6126944,5581.12334
2023,"06081","California","San Mateo",3503.8321681,3353.6459276,3654.0184087
2023,"06083","California","Santa Barbara",5333.9694373,5087.2792187,5580.6596558
2023,"06085","California","Santa Clara",3682.6789392,3587.5329039,3777.8249745
2023,"06087","California","Santa Cruz",5048.3435227,4729.3002133,5367.3868321
2023,"06089","California","Shasta",9500.3016323,8967.0680867,10033.535178
2023,"06093","California","Siskiyou",10618.122156,9334.8420213,11901.40229
2023,"06095","California","Solano",6402.2245159,6135.4526058,6668.996426
2023,"06097","California","Sonoma",5096.9645797,4864.9342916,5328.9948678
2023,"06099","California","Stanislaus",7821.0028898,7565.3388815,8076.666898
2023,"06101","California","Sutter",7515.2232465,6900.0784929,8130.3680002
2023,"06103","California","Tehama",9623.432093,8725.4853777,10521.378808
2023,"06105","California","Trinity",14307.233951,11133.954137,17480.513766
2023,"06107","California","Tulare",7363.5224669,7093.9423603,7633.1025735
2023,"06109","California","Tuolumne",8067.273583,7093.8110563,9040.7361097
2023,"06111","California","Ventura",4737.3251185,4567.0187235,4907.6315135
2023,"06113","California","Yolo",4742.417338,4425.2121081,5059.6225679
2023,"06115","California","Yuba",9162.9929404,8420.364275,9905.6216058
2024,"06001","California","Alameda",4981.2133943,4860.61365,5101.8131386
2024,"06005","California","Amador",7465.0938704,6457.0210588,8473.1666821
2024,"06007","California","Butte",8799.8476478,8343.2482354,9256.4470601
2024,"06009","California","Calaveras",8756.5358626,7661.9938909,9851.0778342
2024,"06011","California","Colusa",6260.5971767,5065.4014886,7455.7928647
2024,"06013","California","Contra Costa",5388.3071889,5232.2265069,5544.3878709
2024,"06015","California","Del Norte",10703.710592,9368.3665471,12039.054638
2024,"06017","California","El Dorado",5834.34852,5396.9997524,6271.6972875
2024,"06019","California","Fresno",8530.0414211,8330.3924543,8729.690388
2024,"06021","California","Glenn",9264.6294119,7951.3578652,10577.900959
2024,"06023","California","Humboldt",9031.7556836,8464.0488942,9599.4624729
2024,"06025","California","Imperial",8014.9290355,7573.2391892,8456.6188818
2024,"06027","California","Inyo",10103.515076,8313.8828563,11893.147296
2024,"06029","California","Kern",10111.125659,9882.4430291,10339.808289
2024,"06031","California","Kings",7902.9785899,7431.9367331,8374.0204467
2024,"06033","California","Lake",11808.001434,10842.606516,12773.396352
2024,"06035","California","Lassen",9558.3231561,8368.3029095,10748.343403
2024,"06037","California","Los Angeles",6316.7869393,6261.9907284,6371.5831503
2024,"06039","California","Madera",8372.1682945,7865.929712,8878.406877
2024,"06041","California","Marin",3856.2557198,3558.5850464,4153.9263932
2024,"06043","California","Mariposa",10003.502278,8041.0962784,11965.908277
2024,"06045","California","Mendocino",9611.560939,8820.312824,10402.809054
2024,"06047","California","Merced",8467.9057004,8094.9123251,8840.8990757
2024,"06049","California","Modoc",11360.040952,8534.687671,14185.394233
2024,"06051","California","Mono",4788.6172678,3475.1901413,6102.0443944
2024,"06053","California","Monterey",5768.4491181,5514.9435356,6021.9547005
2024,"06055","California","Napa",4952.5360341,4515.1286592,5389.943409
2024,"06057","California","Nevada",7627.2351659,6892.7763568,8361.6939749
2024,"06059","California","Orange",4990.3320259,4902.2069432,5078.4571086
2024,"06061","California","Placer",4832.1502765,4577.1046879,5087.195865
2024,"06063","California","Plumas",9578.7594716,7708.4011787,11449.117765
2024,"06065","California","Riverside",7346.2962135,7227.0082046,7465.5842225
2024,"06067","California","Sacramento",7324.5677215,7174.1482774,7474.9871656
2024,"06069","California","San Benito",6337.5515996,5639.2085468,7035.8946524
2024,"06071","California","San Bernardino",8917.3502379,8779.8561533,9054.8443225
2024,"06073","California","San Diego",5434.6817954,5347.707216,5521.6563748
2024,"06075","California","San Francisco",5367.6071775,5192.4782054,5542.7361496
2024,"06077","California","San Joaquin",8627.4972135,8398.1252899,8856.8691371
2024,"06079","California","San Luis Obispo",5707.2871568,5374.4891182,6040.0851953
2024,"06081","California","San Mateo",3815.7710556,3655.9865938,3975.5555173
2024,"06083","California","Santa Barbara",5775.0696386,5518.938941,6031.2003363
2024,"06085","California","Santa Clara",3918.1052206,3818.4566361,4017.7538051
2024,"06087","California","Santa Cruz",5285.4233438,4956.5568243,5614.2898634
2024,"06089","California","Shasta",9990.4469881,9450.0221132,10530.871863
2024,"06093","California","Siskiyou",11921.754914,10605.214447,13238.295382
2024,"06095","California","Solano",6743.5489739,6472.6571833,7014.4407646
2024,"06097","California","Sonoma",5764.3617479,5512.1158763,6016.6076195
2024,"06099","California","Stanislaus",8878.2963339,8605.1122493,9151.4804186
2024,"06101","California","Sutter",8068.6683223,7430.1719219,8707.1647226
2024,"06103","California","Tehama",10873.844857,9921.0697891,11826.619924
2024,"06105","California","Trinity",15509.465353,12257.751006,18761.179701
2024,"06107","California","Tulare",8610.6089672,8320.2513687,8900.9665658
2024,"06109","California","Tuolumne",9065.9521454,8029.5543719,10102.349919
2024,"06111","California","Ventura",5245.6917429,5067.0283211,5424.3551646
2024,"06113","California","Yolo",5138.8854246,4799.6043897,5478.1664596
2024,"06115","California","Yuba",9598.6927266,8850.3594367,10347.026017
2025,"06001","California","Alameda",5217.153956,5093.0441389,5341.2637732
2025,"06005","California","Amador",7567.0889858,6586.0909387,8548.087033
2025,"06007","California","Butte",9315.6316083,8844.1619199,9787.1012968
2025,"06009","California","Calaveras",7926.2637477,6954.4637732,8898.0637222
2025,"06011","California","Colusa",6184.0873816,5025.329816,7342.8449473
2025,"06013","California","Contra Costa",5577.0858174,5418.9387008,5735.232934
2025,"06015","California","Del Norte",11532.764664,10081.471232,12984.058096
2025,"06017","California","El Dorado",6326.7138053,5870.4402171,6782.9873935
2025,"06019","California","Fresno",9008.14375,8804.1957865,9212.0917135
2025,"06021","California","Glenn",9722.9427626,8392.7790024,11053.106523
2025,"06023","California","Humboldt",9668.4104689,9080.7392042,10256.081734
2025,"06025","California","Imperial",8703.3035356,8244.0444447,9162.5626266
2025,"06027","California","Inyo",10430.905432,8616.4512747,12245.359589
2025,"06029","California","Kern",10697.187205,10463.219363,10931.155048
2025,"06031","California","Kings",8187.5172369,7705.8662055,8669.1682683
2025,"06033","California","Lake",12236.877358,11251.573152,13222.181564
2025,"06035","California","Lassen",11257.584967,9920.3311526,12594.838781
2025,"06037","California","Los Angeles",6746.4426092,6689.3295527,6803.5556658
2025,"06039","California","Madera",8647.5122922,8138.5797822,9156.4448023
2025,"06041","California","Marin",4149.4124394,3833.4365492,4465.3883295
2025,"06043","California","Mariposa",9759.3288204,7841.97511,11676.682531
2025,"06045","California","Mendocino",10092.92427,9286.3570532,10899.491486
2025,"06047","California","Merced",8849.4618855,8472.0059705,9226.9178006
2025,"06049","California","Modoc",13302.421752,10008.201507,16596.641996
2025,"06051","California","Mono",4738.8510165,3340.2201426,6137.4818904
2025,"06053","California","Monterey",6114.4568796,5850.1608123,6378.7529469
2025,"06055","California","Napa",5209.6739061,4753.5273544,5665.8204578
2025,"06057","California","Nevada",7472.1809052,6759.219878,8185.1419325
2025,"06059","California","Orange",5325.418567,5233.2476705,5417.5894634
2025,"06061","California","Placer",5085.9506432,4827.5983391,5344.3029473
2025,"06063","California","Plumas",8791.7606587,7127.6975441,10455.823773
2025,"06065","California","Riverside",7817.2946057,7694.5246003,7940.0646112
2025,"06067","California","Sacramento",7615.5062798,7462.580436,7768.4321237
2025,"06069","California","San Benito",6316.422011,5635.3488835,6997.4951384
2025,"06071","California","San Bernardino",9377.7099479,9237.1719602,9518.2479355
2025,"06073","California","San Diego",5726.724331,5637.4501139,5815.9985482
2025,"06075","California","San Francisco",5634.0409149,5452.5783545,5815.5034753
2025,"06077","California","San Joaquin",8729.5107709,8501.4480765,8957.5734652
2025,"06079","California","San Luis Obispo",6205.5911463,5858.9186709,6552.2636217
2025,"06081","California","San Mateo",4006.435541,3842.0370686,4170.8340134
2025,"06083","California","Santa Barbara",6122.9359008,5857.4460844,6388.4257171
2025,"06085","California","Santa Clara",4125.4737001,4022.231813,4228.7155873
2025,"06087","California","Santa Cruz",5482.157239,5150.1893634,5814.1251145
2025,"06089","California","Shasta",10558.411247,10010.568736,11106.253758
2025,"06093","California","Siskiyou",13488.219943,12075.531634,14900.908253
2025,"06095","California","Solano",7384.6121829,7095.7271625,7673.4972034
2025,"06097","California","Sonoma",5996.9731849,5738.6413558,6255.3050139
2025,"06099","California","Stanislaus",9308.6312939,9029.1505703,9588.1120175
2025,"06101","California","Sutter",8212.8302749,7583.0428259,8842.6177239
2025,"06103","California","Tehama",11335.91281,10379.421037,12292.404582
2025,"06105","California","Trinity",12353.942814,9774.5277154,14933.357913
2025,"06107","California","Tulare",9205.5434658,8906.2631902,9504.8237415
2025,"06109","California","Tuolumne",9372.1488896,8359.6257737,10384.672006
2025,"06111","California","Ventura",5626.3683053,5442.1609768,5810.5756337
2025,"06113","California","Yolo",5727.9988216,5358.8653083,6097.1323349
2025,"06115","California","Yuba",9988.2992377,9244.7052053,10731.89327
